Insert into CERTIFICATIONS (IDCERTI,NOMCERTI) values ('81','PG');

Insert into POSTERS (IDPOSTER,PATHIMAGE) values ('164','/n8V09dDc02KsSN6Q4hC2BX6hN8X.jpg');
Insert into POSTERS (IDPOSTER,PATHIMAGE) values ('162','/6u1fYtxG5eqjhtCPDx04pJphQRW.jpg');
Insert into POSTERS (IDPOSTER,PATHIMAGE) values ('163','/jx5p0aHlbPXqe3AH9G15NvmWaqQ.jpg');

Insert into FILMS (IDFILM,TITRE,TITRE_ORIGINAL,STATUS,TAGLINE,DATE_REAL,VOTE_AVERAGE,VOTE_COUNT,CERTIFICATION,DUREE,BUDGET,POSTER) values ('1893','Star Wars: Episode I - The Phantom Menace','Star Wars: Episode I - The Phantom Menace','Released','Every generation has a legend. Every journey has a first step. Every saga has a beginning.',to_date('19/05/99','DD/MM/RR'),'6,1','1225','81','136','115000000','164');
Insert into FILMS (IDFILM,TITRE,TITRE_ORIGINAL,STATUS,TAGLINE,DATE_REAL,VOTE_AVERAGE,VOTE_COUNT,CERTIFICATION,DUREE,BUDGET,POSTER) values ('1891','Star Wars: Episode V - The Empire Stri(...)','Star Wars: Episode V - The Empire Stri(...)','Released','The Adventure Continues...',to_date('21/05/80','DD/MM/RR'),'7,6','1833','81','124','18000000','162');
Insert into FILMS (IDFILM,TITRE,TITRE_ORIGINAL,STATUS,TAGLINE,DATE_REAL,VOTE_AVERAGE,VOTE_COUNT,CERTIFICATION,DUREE,BUDGET,POSTER) values ('1892','Star Wars: Episode VI - Return of the Jedi','Star Wars: Episode VI - Return of the Jedi','Released','The Empire Falls...',to_date('25/05/83','DD/MM/RR'),'7,4','1471','81','135','32350000','163');

Insert into ARTISTS (IDART,NOMART) values ('19800','Richard Marquand');
Insert into ARTISTS (IDART,NOMART) values ('27762','Ian McDiarmid');
Insert into ARTISTS (IDART,NOMART) values ('28235','Sebastian Shaw');
Insert into ARTISTS (IDART,NOMART) values ('11184','Warwick Davis');
Insert into ARTISTS (IDART,NOMART) values ('37442','Caroline Blakiston');
Insert into ARTISTS (IDART,NOMART) values ('2','Mark Hamill');
Insert into ARTISTS (IDART,NOMART) values ('3','Harrison Ford');
Insert into ARTISTS (IDART,NOMART) values ('4','Carrie Fisher');
Insert into ARTISTS (IDART,NOMART) values ('12248','Alec Guinness');
Insert into ARTISTS (IDART,NOMART) values ('6','Anthony Daniels');
Insert into ARTISTS (IDART,NOMART) values ('130','Kenny Baker');
Insert into ARTISTS (IDART,NOMART) values ('24343','Peter Mayhew');
Insert into ARTISTS (IDART,NOMART) values ('24342','David Prowse');
Insert into ARTISTS (IDART,NOMART) values ('132538','Jack Purvis');
Insert into ARTISTS (IDART,NOMART) values ('15152','James Earl Jones');
Insert into ARTISTS (IDART,NOMART) values ('10930','Irvin Kershner');
Insert into ARTISTS (IDART,NOMART) values ('3799','Billy Dee Williams');
Insert into ARTISTS (IDART,NOMART) values ('7908','Frank Oz');
Insert into ARTISTS (IDART,NOMART) values ('33185','Jeremy Bulloch');
Insert into ARTISTS (IDART,NOMART) values ('27165','John Hollis');
Insert into ARTISTS (IDART,NOMART) values ('132539','Des Webb');
Insert into ARTISTS (IDART,NOMART) values ('20128','Clive Revill');
Insert into ARTISTS (IDART,NOMART) values ('740','Julian Glover');
Insert into ARTISTS (IDART,NOMART) values ('10734','Kenneth Colley');
Insert into ARTISTS (IDART,NOMART) values ('7907','John Ratzenberger');
Insert into ARTISTS (IDART,NOMART) values ('1','George Lucas');
Insert into ARTISTS (IDART,NOMART) values ('524','Natalie Portman');
Insert into ARTISTS (IDART,NOMART) values ('3061','Ewan McGregor');
Insert into ARTISTS (IDART,NOMART) values ('3896','Liam Neeson');
Insert into ARTISTS (IDART,NOMART) values ('33196','Jake Lloyd');
Insert into ARTISTS (IDART,NOMART) values ('33190','Pernilla August');
Insert into ARTISTS (IDART,NOMART) values ('31923','Oliver Ford Davies');
Insert into ARTISTS (IDART,NOMART) values ('11007','Ray Park');
Insert into ARTISTS (IDART,NOMART) values ('31925','Hugh Quarshie');
Insert into ARTISTS (IDART,NOMART) values ('33197','Ahmed Best');
Insert into ARTISTS (IDART,NOMART) values ('33198','Andrew Secombe');
Insert into ARTISTS (IDART,NOMART) values ('25441','Steve Speirs');
Insert into ARTISTS (IDART,NOMART) values ('2231','Samuel L. Jackson');
Insert into ARTISTS (IDART,NOMART) values ('116','Keira Knightley');
Insert into ARTISTS (IDART,NOMART) values ('1769','Sofia Coppola');

Insert into REALISER (FILM,ARTIST) values ('1893','1');
Insert into REALISER (FILM,ARTIST) values ('1891','10930');
Insert into REALISER (FILM,ARTIST) values ('1892','19800');

Insert into JOUER (FILM,ARTIST,ROLE) values ('1892','3','Han Solo');
Insert into JOUER (FILM,ARTIST,ROLE) values ('1892','4','Princess Leia');
Insert into JOUER (FILM,ARTIST,ROLE) values ('1892','3799','Lando Calrissian');
Insert into JOUER (FILM,ARTIST,ROLE) values ('1892','6','C-3PO');
Insert into JOUER (FILM,ARTIST,ROLE) values ('1892','24343','Chewbacca');
Insert into JOUER (FILM,ARTIST,ROLE) values ('1892','15152','Voice of Darth Vade(...)');
Insert into JOUER (FILM,ARTIST,ROLE) values ('1892','7908','Yoda (voice)');
Insert into JOUER (FILM,ARTIST,ROLE) values ('1892','27762','The Emperor');
Insert into JOUER (FILM,ARTIST,ROLE) values ('1892','28235','Anakin Skywalker');
Insert into JOUER (FILM,ARTIST,ROLE) values ('1892','24342','Darth Vader');
Insert into JOUER (FILM,ARTIST,ROLE) values ('1892','12248','Ben ''Obi-Wan'' Kenobi');
Insert into JOUER (FILM,ARTIST,ROLE) values ('1892','130','R2-D2 / Paploo');
Insert into JOUER (FILM,ARTIST,ROLE) values ('1892','11184','Wicket');
Insert into JOUER (FILM,ARTIST,ROLE) values ('1892','37442','Mon Mothma');
Insert into JOUER (FILM,ARTIST,ROLE) values ('1893','524','Queen Amidala');
Insert into JOUER (FILM,ARTIST,ROLE) values ('1891','2','Luke Skywalker');
Insert into JOUER (FILM,ARTIST,ROLE) values ('1891','3','Han Solo');
Insert into JOUER (FILM,ARTIST,ROLE) values ('1891','4','Princess Leia');
Insert into JOUER (FILM,ARTIST,ROLE) values ('1891','24342','Darth Vader');
Insert into JOUER (FILM,ARTIST,ROLE) values ('1891','3799','Lando Calrissian');
Insert into JOUER (FILM,ARTIST,ROLE) values ('1891','6','C-3PO');
Insert into JOUER (FILM,ARTIST,ROLE) values ('1891','24343','Chewbacca');
Insert into JOUER (FILM,ARTIST,ROLE) values ('1891','15152','Darth Vader (Voice)');
Insert into JOUER (FILM,ARTIST,ROLE) values ('1891','130','R2-D2');
Insert into JOUER (FILM,ARTIST,ROLE) values ('1891','7908','Yoda (Voice)');
Insert into JOUER (FILM,ARTIST,ROLE) values ('1891','12248','Ben ''Obi-wan'' Kenobi');
Insert into JOUER (FILM,ARTIST,ROLE) values ('1891','33185','Boba Fett');
Insert into JOUER (FILM,ARTIST,ROLE) values ('1891','27165','Lando''s aide');
Insert into JOUER (FILM,ARTIST,ROLE) values ('1891','132538','Chief Ugnaught');
Insert into JOUER (FILM,ARTIST,ROLE) values ('1891','132539','Snow Creature');
Insert into JOUER (FILM,ARTIST,ROLE) values ('1891','20128','Emperor (voice)');
Insert into JOUER (FILM,ARTIST,ROLE) values ('1891','740','Imperial Force Gene(...)');
Insert into JOUER (FILM,ARTIST,ROLE) values ('1891','10734','Imperial Force Admi(...)');
Insert into JOUER (FILM,ARTIST,ROLE) values ('1891','7907','Rebel Force Major Derlin');
Insert into JOUER (FILM,ARTIST,ROLE) values ('1892','2','Luke Skywalker');
Insert into JOUER (FILM,ARTIST,ROLE) values ('1893','3061','Obi Wan Kenobi');
Insert into JOUER (FILM,ARTIST,ROLE) values ('1893','3896','Qui-Gon Jinn');
Insert into JOUER (FILM,ARTIST,ROLE) values ('1893','27762','Senator Palpatine');
Insert into JOUER (FILM,ARTIST,ROLE) values ('1893','6','C-3PO');
Insert into JOUER (FILM,ARTIST,ROLE) values ('1893','130','R2-D2');
Insert into JOUER (FILM,ARTIST,ROLE) values ('1893','33196','Anakin Skywalker');
Insert into JOUER (FILM,ARTIST,ROLE) values ('1893','33190','Shmi Skywalker');
Insert into JOUER (FILM,ARTIST,ROLE) values ('1893','7908','Yoda (voice)');
Insert into JOUER (FILM,ARTIST,ROLE) values ('1893','31923','Governor Bibble');
Insert into JOUER (FILM,ARTIST,ROLE) values ('1893','11007','Darth Maul');
Insert into JOUER (FILM,ARTIST,ROLE) values ('1893','31925','Capt. Panaka');
Insert into JOUER (FILM,ARTIST,ROLE) values ('1893','33197','Jar Jar Binks (Voice)');
Insert into JOUER (FILM,ARTIST,ROLE) values ('1893','33198','Watto');
Insert into JOUER (FILM,ARTIST,ROLE) values ('1893','25441','Capt. Tarpals');
Insert into JOUER (FILM,ARTIST,ROLE) values ('1893','2231','Mace Windu');
Insert into JOUER (FILM,ARTIST,ROLE) values ('1893','116','Sabé');
Insert into JOUER (FILM,ARTIST,ROLE) values ('1893','1769','Saché');
Insert into JOUER (FILM,ARTIST,ROLE) values ('1893','11184','Wald');

Insert into GENRES (IDGENRE,NOMGENRE) values ('28','Action');
Insert into GENRES (IDGENRE,NOMGENRE) values ('12','Adventure');
Insert into GENRES (IDGENRE,NOMGENRE) values ('878','Science Fiction');

Insert into FILM_GENRE (GENRE,FILM) values ('28','1892');
Insert into FILM_GENRE (GENRE,FILM) values ('878','1892');
Insert into FILM_GENRE (GENRE,FILM) values ('12','1893');
Insert into FILM_GENRE (GENRE,FILM) values ('12','1891');
Insert into FILM_GENRE (GENRE,FILM) values ('28','1891');
Insert into FILM_GENRE (GENRE,FILM) values ('878','1891');
Insert into FILM_GENRE (GENRE,FILM) values ('12','1892');
Insert into FILM_GENRE (GENRE,FILM) values ('28','1893');
Insert into FILM_GENRE (GENRE,FILM) values ('878','1893');

Insert into FILMS_COPIES (ID,MOVIE) values ('869','1893');
Insert into FILMS_COPIES (ID,MOVIE) values ('870','1893');
Insert into FILMS_COPIES (ID,MOVIE) values ('854','1891');
Insert into FILMS_COPIES (ID,MOVIE) values ('860','1892');

INSERT INTO programmations VALUES(11,2,'09/09/2017','09/10/2017',1891,848,3,'20:00');
INSERT INTO programmations VALUES(12,2,'02/04/2017','12/05/2017',1891,849,4,'15:00');
INSERT INTO programmations VALUES(13,2,'12/12/2017','12/01/2018',1891,850,5,'10:00');
INSERT INTO programmations VALUES(14,2,'06/07/2017','12/08/2017',1892,857,6,'11:00');
commit;