Insert into POSTERS (IDPOSTER,PATHIMAGE) values ('161','/tvSlBzAdRE29bZe5yYWrJ2ds137.jpg');
Insert into POSTERS (IDPOSTER,PATHIMAGE) values ('162','/6u1fYtxG5eqjhtCPDx04pJphQRW.jpg');
Insert into POSTERS (IDPOSTER,PATHIMAGE) values ('163','/jx5p0aHlbPXqe3AH9G15NvmWaqQ.jpg');
Insert into POSTERS (IDPOSTER,PATHIMAGE) values ('164','/n8V09dDc02KsSN6Q4hC2BX6hN8X.jpg');
Insert into POSTERS (IDPOSTER,PATHIMAGE) values ('165','/2vcNFtrZXNwIcBgH5e2xXCmVR8t.jpg');
Insert into POSTERS (IDPOSTER,PATHIMAGE) values ('166','/tgr5Pdy7ehZYBqBkN2K7Q02xgOb.jpg');
Insert into CERTIFICATIONS (IDCERTI,NOMCERTI) values ('81','PG');
Insert into CERTIFICATIONS (IDCERTI,NOMCERTI) values ('82','PG-13');
Insert into FILMS (IDFILM,TITRE,TITRE_ORIGINAL,STATUS,TAGLINE,DATE_REAL,VOTE_AVERAGE,VOTE_COUNT,CERTIFICATION,DUREE,BUDGET,POSTER,NBCOPYMAX) values ('11','Star Wars: Episode IV - A New Hope','Star Wars: Episode IV - A New Hope','Released','A long time ago in a galaxy far, far away...',to_date('25/05/77','DD/MM/RR'),'7,5','2034','81','121','11000000','161','5,60673174820262020543248226900333178784');
Insert into FILMS (IDFILM,TITRE,TITRE_ORIGINAL,STATUS,TAGLINE,DATE_REAL,VOTE_AVERAGE,VOTE_COUNT,CERTIFICATION,DUREE,BUDGET,POSTER,NBCOPYMAX) values ('1891','Star Wars: Episode V - The Empire Stri(...)','Star Wars: Episode V - The Empire Stri(...)','Released','The Adventure Continues...',to_date('21/05/80','DD/MM/RR'),'7,6','1833','81','124','18000000','162','7,60658566184086894278505037687616143547');
Insert into FILMS (IDFILM,TITRE,TITRE_ORIGINAL,STATUS,TAGLINE,DATE_REAL,VOTE_AVERAGE,VOTE_COUNT,CERTIFICATION,DUREE,BUDGET,POSTER,NBCOPYMAX) values ('1892','Star Wars: Episode VI - Return of the Jedi','Star Wars: Episode VI - Return of the Jedi','Released','The Empire Falls...',to_date('25/05/83','DD/MM/RR'),'7,4','1471','81','135','32350000','163','7,93655633377199701501557848608798190733');
Insert into FILMS (IDFILM,TITRE,TITRE_ORIGINAL,STATUS,TAGLINE,DATE_REAL,VOTE_AVERAGE,VOTE_COUNT,CERTIFICATION,DUREE,BUDGET,POSTER,NBCOPYMAX) values ('1893','Star Wars: Episode I - The Phantom Menace','Star Wars: Episode I - The Phantom Menace','Released','Every generation has a legend. Every journey has a first step. Every saga has a beginning.',to_date('19/05/99','DD/MM/RR'),'6,1','1225','81','136','115000000','164','10,3332588084068408107889946417556523499');
Insert into FILMS (IDFILM,TITRE,TITRE_ORIGINAL,STATUS,TAGLINE,DATE_REAL,VOTE_AVERAGE,VOTE_COUNT,CERTIFICATION,DUREE,BUDGET,POSTER,NBCOPYMAX) values ('1894','Star Wars: Episode II - Attack of the (...)','Star Wars: Episode II - Attack of the (...)','Released','A Jedi Shall Not Know Anger. Nor Hatred. Nor Love.',to_date('16/05/02','DD/MM/RR'),'6,2','1068','81','142','120000000','165','3,5632824327750891563155265579387394017');
Insert into FILMS (IDFILM,TITRE,TITRE_ORIGINAL,STATUS,TAGLINE,DATE_REAL,VOTE_AVERAGE,VOTE_COUNT,CERTIFICATION,DUREE,BUDGET,POSTER,NBCOPYMAX) values ('1895','Star Wars: Episode III - Revenge of th(...)','Star Wars: Episode III - Revenge of th(...)','Released','The saga is complete.',to_date('19/05/05','DD/MM/RR'),'6,7','1063','82','140','113000000','166','2,31598515368746231793027314293491800443');
Insert into GENRES (IDGENRE,NOMGENRE) values ('28','Action');
Insert into GENRES (IDGENRE,NOMGENRE) values ('12','Adventure');
Insert into GENRES (IDGENRE,NOMGENRE) values ('878','Science Fiction');
Insert into FILM_GENRE (GENRE,FILM) values ('28','11');
Insert into FILM_GENRE (GENRE,FILM) values ('12','11');
Insert into FILM_GENRE (GENRE,FILM) values ('878','11');
Insert into FILM_GENRE (GENRE,FILM) values ('28','1891');
Insert into FILM_GENRE (GENRE,FILM) values ('12','1891');
Insert into FILM_GENRE (GENRE,FILM) values ('878','1891');
Insert into FILM_GENRE (GENRE,FILM) values ('28','1892');
Insert into FILM_GENRE (GENRE,FILM) values ('12','1892');
Insert into FILM_GENRE (GENRE,FILM) values ('878','1892');
Insert into FILM_GENRE (GENRE,FILM) values ('28','1893');
Insert into FILM_GENRE (GENRE,FILM) values ('12','1893');
Insert into FILM_GENRE (GENRE,FILM) values ('878','1893');
Insert into FILM_GENRE (GENRE,FILM) values ('28','1894');
Insert into FILM_GENRE (GENRE,FILM) values ('12','1894');
Insert into FILM_GENRE (GENRE,FILM) values ('878','1894');
Insert into FILM_GENRE (GENRE,FILM) values ('28','1895');
Insert into FILM_GENRE (GENRE,FILM) values ('12','1895');
Insert into FILM_GENRE (GENRE,FILM) values ('878','1895');
Insert into ARTISTS (IDART,NOMART) values ('1','George Lucas');
Insert into ARTISTS (IDART,NOMART) values ('2','Mark Hamill');
Insert into ARTISTS (IDART,NOMART) values ('3','Harrison Ford');
Insert into ARTISTS (IDART,NOMART) values ('4','Carrie Fisher');
Insert into ARTISTS (IDART,NOMART) values ('5','Peter Cushing');
Insert into ARTISTS (IDART,NOMART) values ('12248','Alec Guinness');
Insert into ARTISTS (IDART,NOMART) values ('6','Anthony Daniels');
Insert into ARTISTS (IDART,NOMART) values ('130','Kenny Baker');
Insert into ARTISTS (IDART,NOMART) values ('24343','Peter Mayhew');
Insert into ARTISTS (IDART,NOMART) values ('24342','David Prowse');
Insert into ARTISTS (IDART,NOMART) values ('33032','Phil Brown');
Insert into ARTISTS (IDART,NOMART) values ('131625','Shelagh Fraser');
Insert into ARTISTS (IDART,NOMART) values ('132538','Jack Purvis');
Insert into ARTISTS (IDART,NOMART) values ('216087','Alex McCrindle');
Insert into ARTISTS (IDART,NOMART) values ('69249','Eddie Byrne');
Insert into ARTISTS (IDART,NOMART) values ('47401','Drewe Henley');
Insert into ARTISTS (IDART,NOMART) values ('47698','Denis Lawson');
Insert into ARTISTS (IDART,NOMART) values ('17356','Garrick Hagon');
Insert into ARTISTS (IDART,NOMART) values ('162432','Jack Klaff');
Insert into ARTISTS (IDART,NOMART) values ('663','William Hootkins');
Insert into ARTISTS (IDART,NOMART) values ('15152','James Earl Jones');
Insert into ARTISTS (IDART,NOMART) values ('81024','Roger Lloyd-Pack');
Insert into ARTISTS (IDART,NOMART) values ('166258','Malcolm Tierney');
Insert into ARTISTS (IDART,NOMART) values ('58475','Angus MacInnes');
Insert into ARTISTS (IDART,NOMART) values ('1212896','Jeremy Sinden');
Insert into ARTISTS (IDART,NOMART) values ('202276','Graham Ashley');
Insert into ARTISTS (IDART,NOMART) values ('42570','Don Henderson');
Insert into ARTISTS (IDART,NOMART) values ('12829','Richard LeParmentier');
Insert into ARTISTS (IDART,NOMART) values ('79489','Leslie Schofield');
Insert into ARTISTS (IDART,NOMART) values ('1216947','David Ankrum');
Insert into ARTISTS (IDART,NOMART) values ('1271058','Mark Austin');
Insert into ARTISTS (IDART,NOMART) values ('3044','Scott Beach');
Insert into ARTISTS (IDART,NOMART) values ('1271059','Lightning Bear');
Insert into ARTISTS (IDART,NOMART) values ('1271060','Jon Berg');
Insert into ARTISTS (IDART,NOMART) values ('1271061','Doug Beswick');
Insert into ARTISTS (IDART,NOMART) values ('199356','Paul Blake');
Insert into ARTISTS (IDART,NOMART) values ('1271062','Janice Burchette');
Insert into ARTISTS (IDART,NOMART) values ('1271063','Ted Burnett');
Insert into ARTISTS (IDART,NOMART) values ('1271064','John Chapman');
Insert into ARTISTS (IDART,NOMART) values ('1271065','Gilda Cohen');
Insert into ARTISTS (IDART,NOMART) values ('1178140','Tim Condren');
Insert into ARTISTS (IDART,NOMART) values ('186229','Barry Copping');
Insert into ARTISTS (IDART,NOMART) values ('1271066','Alfie Curtis');
Insert into ARTISTS (IDART,NOMART) values ('1271067','Robert Davies');
Insert into ARTISTS (IDART,NOMART) values ('104149','Maria De Aragon');
Insert into ARTISTS (IDART,NOMART) values ('1271068','Robert A. Denham');
Insert into ARTISTS (IDART,NOMART) values ('1271069','Frazer Diamond');
Insert into ARTISTS (IDART,NOMART) values ('53587','Peter Diamond');
Insert into ARTISTS (IDART,NOMART) values ('1271070','Warwick Diamond');
Insert into ARTISTS (IDART,NOMART) values ('1271071','Sadie Eden');
Insert into ARTISTS (IDART,NOMART) values ('1271072','Kim Falkinburg');
Insert into ARTISTS (IDART,NOMART) values ('202402','Harry Fielder');
Insert into ARTISTS (IDART,NOMART) values ('1271073','Ted Gagliano');
Insert into ARTISTS (IDART,NOMART) values ('1271074','Salo Gardner');
Insert into ARTISTS (IDART,NOMART) values ('1195602','Steve Gawley');
Insert into ARTISTS (IDART,NOMART) values ('1271075','Barry Gnome');
Insert into ARTISTS (IDART,NOMART) values ('252527','Rusty Goffe');
Insert into ARTISTS (IDART,NOMART) values ('1271076','Isaac Grand');
Insert into ARTISTS (IDART,NOMART) values ('1271077','Nelson Hall');
Insert into ARTISTS (IDART,NOMART) values ('1271078','Reg Harding');
Insert into ARTISTS (IDART,NOMART) values ('964699','Alan Harris');
Insert into ARTISTS (IDART,NOMART) values ('1271079','Frank Henson');
Insert into ARTISTS (IDART,NOMART) values ('1271080','Christine Hewett');
Insert into ARTISTS (IDART,NOMART) values ('1271081','Arthur Howell');
Insert into ARTISTS (IDART,NOMART) values ('1271082','Tommy Ilsley');
Insert into ARTISTS (IDART,NOMART) values ('4945','Joe Johnston');
Insert into ARTISTS (IDART,NOMART) values ('1271083','Annette Jones');
Insert into ARTISTS (IDART,NOMART) values ('1148750','Linda Jones');
Insert into ARTISTS (IDART,NOMART) values ('201344','Joe Kaye');
Insert into ARTISTS (IDART,NOMART) values ('1271085','Colin Michael Kitchens');
Insert into ARTISTS (IDART,NOMART) values ('1271086','Melissa Kurtz');
Insert into ARTISTS (IDART,NOMART) values ('1190780','Tiffany L. Kurtz');
Insert into ARTISTS (IDART,NOMART) values ('190453','Al Lampert');
Insert into ARTISTS (IDART,NOMART) values ('1012562','Anthony Lang');
Insert into ARTISTS (IDART,NOMART) values ('1271091','Laine Liska');
Insert into ARTISTS (IDART,NOMART) values ('1271092','Derek Lyons');
Insert into ARTISTS (IDART,NOMART) values ('1271095','Mahjoub');
Insert into ARTISTS (IDART,NOMART) values ('1271096','Alf Mangan');
Insert into ARTISTS (IDART,NOMART) values ('19801','Rick McCallum');
Insert into ARTISTS (IDART,NOMART) values ('1271102','Grant McCune');
Insert into ARTISTS (IDART,NOMART) values ('1271104','Geoffrey Moon');
Insert into ARTISTS (IDART,NOMART) values ('1271106','Mandy Morton');
Insert into ARTISTS (IDART,NOMART) values ('1271107','Lorne Peterson');
Insert into ARTISTS (IDART,NOMART) values ('1183443','Marcus Powell');
Insert into ARTISTS (IDART,NOMART) values ('10657','Shane Rimmer');
Insert into ARTISTS (IDART,NOMART) values ('1271116','Pam Rose');
Insert into ARTISTS (IDART,NOMART) values ('110319','George Roubicek');
Insert into ARTISTS (IDART,NOMART) values ('1271121','Erica Simmons');
Insert into ARTISTS (IDART,NOMART) values ('1271122','Angela Staines');
Insert into ARTISTS (IDART,NOMART) values ('1271123','George Stock');
Insert into ARTISTS (IDART,NOMART) values ('1271124','Roy Straite');
Insert into ARTISTS (IDART,NOMART) values ('1271125','Peter Sturgeon');
Insert into ARTISTS (IDART,NOMART) values ('187398','Peter Sumner');
Insert into ARTISTS (IDART,NOMART) values ('1271126','John Sylla');
Insert into ARTISTS (IDART,NOMART) values ('390158','Tom Sylla');
Insert into ARTISTS (IDART,NOMART) values ('7727','Phil Tippett');
Insert into ARTISTS (IDART,NOMART) values ('184980','Burnell Tucker');
Insert into ARTISTS (IDART,NOMART) values ('160947','Morgan Upton');
Insert into ARTISTS (IDART,NOMART) values ('161301','Jerry Walter');
Insert into ARTISTS (IDART,NOMART) values ('1271127','Hal Wamsley');
Insert into ARTISTS (IDART,NOMART) values ('159108','Larry Ward');
Insert into ARTISTS (IDART,NOMART) values ('1271128','Diana Sadley Way');
Insert into ARTISTS (IDART,NOMART) values ('1271129','Harold Weed');
Insert into ARTISTS (IDART,NOMART) values ('24278','Bill Weston');
Insert into ARTISTS (IDART,NOMART) values ('60207','Steve ''Spaz'' Williams');
Insert into ARTISTS (IDART,NOMART) values ('1271131','Fred Wood');
Insert into ARTISTS (IDART,NOMART) values ('10930','Irvin Kershner');
Insert into ARTISTS (IDART,NOMART) values ('3799','Billy Dee Williams');
Insert into ARTISTS (IDART,NOMART) values ('7908','Frank Oz');
Insert into ARTISTS (IDART,NOMART) values ('33185','Jeremy Bulloch');
Insert into ARTISTS (IDART,NOMART) values ('27165','John Hollis');
Insert into ARTISTS (IDART,NOMART) values ('132539','Des Webb');
Insert into ARTISTS (IDART,NOMART) values ('20128','Clive Revill');
Insert into ARTISTS (IDART,NOMART) values ('740','Julian Glover');
Insert into ARTISTS (IDART,NOMART) values ('10734','Kenneth Colley');
Insert into ARTISTS (IDART,NOMART) values ('7907','John Ratzenberger');
Insert into ARTISTS (IDART,NOMART) values ('19800','Richard Marquand');
Insert into ARTISTS (IDART,NOMART) values ('27762','Ian McDiarmid');
Insert into ARTISTS (IDART,NOMART) values ('28235','Sebastian Shaw');
Insert into ARTISTS (IDART,NOMART) values ('11184','Warwick Davis');
Insert into ARTISTS (IDART,NOMART) values ('37442','Caroline Blakiston');
Insert into ARTISTS (IDART,NOMART) values ('524','Natalie Portman');
Insert into ARTISTS (IDART,NOMART) values ('3061','Ewan McGregor');
Insert into ARTISTS (IDART,NOMART) values ('3896','Liam Neeson');
Insert into ARTISTS (IDART,NOMART) values ('33196','Jake Lloyd');
Insert into ARTISTS (IDART,NOMART) values ('33190','Pernilla August');
Insert into ARTISTS (IDART,NOMART) values ('31923','Oliver Ford Davies');
Insert into ARTISTS (IDART,NOMART) values ('11007','Ray Park');
Insert into ARTISTS (IDART,NOMART) values ('31925','Hugh Quarshie');
Insert into ARTISTS (IDART,NOMART) values ('33197','Ahmed Best');
Insert into ARTISTS (IDART,NOMART) values ('33198','Andrew Secombe');
Insert into ARTISTS (IDART,NOMART) values ('25441','Steve Speirs');
Insert into ARTISTS (IDART,NOMART) values ('2231','Samuel L. Jackson');
Insert into ARTISTS (IDART,NOMART) values ('116','Keira Knightley');
Insert into ARTISTS (IDART,NOMART) values ('1769','Sofia Coppola');
Insert into ARTISTS (IDART,NOMART) values ('17244','Hayden Christensen');
Insert into ARTISTS (IDART,NOMART) values ('113','Christopher Lee');
Insert into ARTISTS (IDART,NOMART) values ('9827','Rose Byrne');
Insert into ARTISTS (IDART,NOMART) values ('9374','Matt Doran');
Insert into ARTISTS (IDART,NOMART) values ('33186','Alan Ruscoe');
Insert into ARTISTS (IDART,NOMART) values ('33187','Veronica Segura');
Insert into ARTISTS (IDART,NOMART) values ('20806','Silas Carson');
Insert into ARTISTS (IDART,NOMART) values ('33188','Ron Falk');
Insert into ARTISTS (IDART,NOMART) values ('33182','Jay Laga''aia');
Insert into ARTISTS (IDART,NOMART) values ('33181','Jimmy Smits');
Insert into ARTISTS (IDART,NOMART) values ('33189','Daniel Logan');
Insert into ARTISTS (IDART,NOMART) values ('7242','Temuera Morrison');
Insert into ARTISTS (IDART,NOMART) values ('33191','Ayesha Dharker');
Insert into ARTISTS (IDART,NOMART) values ('33192','Joel Edgerton');
Insert into ARTISTS (IDART,NOMART) values ('12536','Jack Thompson');
Insert into ARTISTS (IDART,NOMART) values ('131634','Bonnie Piesse');
Insert into ARTISTS (IDART,NOMART) values ('33184','Rohan Nichol');
Insert into ARTISTS (IDART,NOMART) values ('1167087','David Bowers');
Insert into REALISER (FILM,ARTIST) values ('11','1');
Insert into REALISER (FILM,ARTIST) values ('1891','10930');
Insert into REALISER (FILM,ARTIST) values ('1892','19800');
Insert into REALISER (FILM,ARTIST) values ('1893','1');
Insert into REALISER (FILM,ARTIST) values ('1894','1');
Insert into REALISER (FILM,ARTIST) values ('1895','1');
Insert into JOUER (FILM,ARTIST,ROLE) values ('11','2','Luke Skywalker');
Insert into JOUER (FILM,ARTIST,ROLE) values ('11','3','Han Solo');
Insert into JOUER (FILM,ARTIST,ROLE) values ('11','4','Leia Organa');
Insert into JOUER (FILM,ARTIST,ROLE) values ('11','5','Grand Moff Tarkin');
Insert into JOUER (FILM,ARTIST,ROLE) values ('11','12248','Obi-Wan Kenobi');
Insert into JOUER (FILM,ARTIST,ROLE) values ('11','6','C-3PO');
Insert into JOUER (FILM,ARTIST,ROLE) values ('11','130','R2-D2');
Insert into JOUER (FILM,ARTIST,ROLE) values ('11','24343','Chewbacca');
Insert into JOUER (FILM,ARTIST,ROLE) values ('11','24342','Darth Vader');
Insert into JOUER (FILM,ARTIST,ROLE) values ('11','33032','Uncle Owen');
Insert into JOUER (FILM,ARTIST,ROLE) values ('11','131625','Aunt Beru');
Insert into JOUER (FILM,ARTIST,ROLE) values ('11','132538','Chief Jawa');
Insert into JOUER (FILM,ARTIST,ROLE) values ('11','216087','General Dodonna');
Insert into JOUER (FILM,ARTIST,ROLE) values ('11','69249','General Willard');
Insert into JOUER (FILM,ARTIST,ROLE) values ('11','47401','Red Leader (as Drew(...)');
Insert into JOUER (FILM,ARTIST,ROLE) values ('11','47698','Red Two (Wedge) (as(...)');
Insert into JOUER (FILM,ARTIST,ROLE) values ('11','17356','Red Three (Biggs)');
Insert into JOUER (FILM,ARTIST,ROLE) values ('11','162432','Red Four (John D.)');
Insert into JOUER (FILM,ARTIST,ROLE) values ('11','663','Jek Tono Porkins (R(...)');
Insert into JOUER (FILM,ARTIST,ROLE) values ('11','15152','Darth Vader (voice)');
Insert into JOUER (FILM,ARTIST,ROLE) values ('11','81024','Advisor to Grand Mo(...)');
Insert into JOUER (FILM,ARTIST,ROLE) values ('11','166258','Lt. Shann Childsen');
Insert into JOUER (FILM,ARTIST,ROLE) values ('11','58475','Gold Leader (as Ang(...)');
Insert into JOUER (FILM,ARTIST,ROLE) values ('11','1212896','Gold Two');
Insert into JOUER (FILM,ARTIST,ROLE) values ('11','202276','Gold Five');
Insert into JOUER (FILM,ARTIST,ROLE) values ('11','42570','General Taggi');
Insert into JOUER (FILM,ARTIST,ROLE) values ('11','12829','General Motti');
Insert into JOUER (FILM,ARTIST,ROLE) values ('11','79489','Commander #1');
Insert into JOUER (FILM,ARTIST,ROLE) values ('11','1216947','Red Two (voice) (un(...)');
Insert into JOUER (FILM,ARTIST,ROLE) values ('11','1271058','Boba Fett (special (...)');
Insert into JOUER (FILM,ARTIST,ROLE) values ('11','3044','Stormtrooper (voice(...)');
Insert into JOUER (FILM,ARTIST,ROLE) values ('11','1271059','Stormtrooper (uncre(...)');
Insert into JOUER (FILM,ARTIST,ROLE) values ('11','1271060','Cantina Alien (uncr(...)');
Insert into JOUER (FILM,ARTIST,ROLE) values ('11','1271061','Cantina Alien (uncr(...)');
Insert into JOUER (FILM,ARTIST,ROLE) values ('11','199356','Greedo (uncredited)');
Insert into JOUER (FILM,ARTIST,ROLE) values ('11','1271062','Nabrun Leids (uncre(...)');
Insert into JOUER (FILM,ARTIST,ROLE) values ('11','1271063','Wuher (uncredited)');
Insert into JOUER (FILM,ARTIST,ROLE) values ('11','1271064','Drifter (Red 12) (u(...)');
Insert into JOUER (FILM,ARTIST,ROLE) values ('11','1271065','Cantina Patron (unc(...)');
Insert into JOUER (FILM,ARTIST,ROLE) values ('11','1178140','Stormtrooper (uncre(...)');
Insert into JOUER (FILM,ARTIST,ROLE) values ('11','186229','Wioslea (uncredited)');
Insert into JOUER (FILM,ARTIST,ROLE) values ('11','1271066','Dr. Evazan (uncredited)');
Insert into JOUER (FILM,ARTIST,ROLE) values ('11','1271067','Cantina Patron (unc(...)');
Insert into JOUER (FILM,ARTIST,ROLE) values ('11','104149','Greedo (uncredited)');
Insert into JOUER (FILM,ARTIST,ROLE) values ('11','1271068','Hrchek Kal Fas (unc(...)');
Insert into JOUER (FILM,ARTIST,ROLE) values ('11','1271069','Jawa (uncredited)');
Insert into JOUER (FILM,ARTIST,ROLE) values ('11','53587','Stormtrooper / Tusk(...)');
Insert into JOUER (FILM,ARTIST,ROLE) values ('11','1271070','Jawa (uncredited)');
Insert into JOUER (FILM,ARTIST,ROLE) values ('11','1271071','Garindan (uncredited)');
Insert into JOUER (FILM,ARTIST,ROLE) values ('11','1271072','Djas Puhr (uncredited)');
Insert into JOUER (FILM,ARTIST,ROLE) values ('11','202402','Death Star Trooper (...)');
Insert into JOUER (FILM,ARTIST,ROLE) values ('11','1271073','Stormtrooper with B(...)');
Insert into JOUER (FILM,ARTIST,ROLE) values ('11','1271074','Cantina Patron (unc(...)');
Insert into JOUER (FILM,ARTIST,ROLE) values ('11','1195602','Death Star Trooper (...)');
Insert into JOUER (FILM,ARTIST,ROLE) values ('11','1271075','Kabe (uncredited)');
Insert into JOUER (FILM,ARTIST,ROLE) values ('11','252527','Kabe / Jawa / GONK (...)');
Insert into JOUER (FILM,ARTIST,ROLE) values ('11','1271076','Cantina Patron (unc(...)');
Insert into JOUER (FILM,ARTIST,ROLE) values ('11','1271077','Stormtrooper (speci(...)');
Insert into JOUER (FILM,ARTIST,ROLE) values ('11','1271078','Stormtrooper (uncre(...)');
Insert into JOUER (FILM,ARTIST,ROLE) values ('11','964699','Leia''s Rebel Escort(...)');
Insert into JOUER (FILM,ARTIST,ROLE) values ('11','1271079','Stormtrooper (uncre(...)');
Insert into JOUER (FILM,ARTIST,ROLE) values ('11','1271080','Brea Tonnika (uncre(...)');
Insert into JOUER (FILM,ARTIST,ROLE) values ('11','1271081','Stormtrooper (uncre(...)');
Insert into JOUER (FILM,ARTIST,ROLE) values ('11','1271082','Ponda Baba (uncredited)');
Insert into JOUER (FILM,ARTIST,ROLE) values ('11','4945','Death Star Trooper (...)');
Insert into JOUER (FILM,ARTIST,ROLE) values ('11','1271083','Mosep (uncredited)');
Insert into JOUER (FILM,ARTIST,ROLE) values ('11','1148750','Chall Bekan (uncredited)');
Insert into JOUER (FILM,ARTIST,ROLE) values ('11','201344','Solomohal (uncredited)');
Insert into JOUER (FILM,ARTIST,ROLE) values ('11','1271085','Stormtrooper (voice(...)');
Insert into JOUER (FILM,ARTIST,ROLE) values ('11','1271086','Jawa (uncredited)');
Insert into JOUER (FILM,ARTIST,ROLE) values ('11','1190780','Jawa (uncredited)');
Insert into JOUER (FILM,ARTIST,ROLE) values ('11','190453','Daine Jir (uncredited)');
Insert into JOUER (FILM,ARTIST,ROLE) values ('11','1012562','BoShek (uncredited)');
Insert into JOUER (FILM,ARTIST,ROLE) values ('11','1271091','Muftak / Cantina Ba(...)');
Insert into JOUER (FILM,ARTIST,ROLE) values ('11','1271092','Temple Guard / Meda(...)');
Insert into JOUER (FILM,ARTIST,ROLE) values ('11','1271095','Jawa (uncredited)');
Insert into JOUER (FILM,ARTIST,ROLE) values ('11','1271096','Takeel (uncredited)');
Insert into JOUER (FILM,ARTIST,ROLE) values ('11','19801','Stormtrooper (speci(...)');
Insert into JOUER (FILM,ARTIST,ROLE) values ('11','1271102','Death Star Gunner ((...)');
Insert into JOUER (FILM,ARTIST,ROLE) values ('11','1271104','Cantina Patron (unc(...)');
Insert into JOUER (FILM,ARTIST,ROLE) values ('11','1271106','Swilla Corey (uncre(...)');
Insert into JOUER (FILM,ARTIST,ROLE) values ('11','1271107','Massassi Base Rebel(...)');
Insert into JOUER (FILM,ARTIST,ROLE) values ('11','1183443','Rycar Ryjerd (uncre(...)');
Insert into JOUER (FILM,ARTIST,ROLE) values ('11','10657','InCom Engineer (unc(...)');
Insert into JOUER (FILM,ARTIST,ROLE) values ('11','1271116','Leesub Sirln (uncre(...)');
Insert into JOUER (FILM,ARTIST,ROLE) values ('11','110319','Cmdr. Praji (Imperi(...)');
Insert into JOUER (FILM,ARTIST,ROLE) values ('11','1271121','Tawss Khaa (uncredited)');
Insert into JOUER (FILM,ARTIST,ROLE) values ('11','1271122','Senni Tonnika (uncr(...)');
Insert into JOUER (FILM,ARTIST,ROLE) values ('11','1271123','Cantina Patron (unc(...)');
Insert into JOUER (FILM,ARTIST,ROLE) values ('11','1271124','Cantina Patron (unc(...)');
Insert into JOUER (FILM,ARTIST,ROLE) values ('11','1271125','Sai''torr Kal Fas (u(...)');
Insert into JOUER (FILM,ARTIST,ROLE) values ('11','187398','Lt. Pol Treidum (un(...)');
Insert into JOUER (FILM,ARTIST,ROLE) values ('11','1271126','Cantina Voices (voi(...)');
Insert into JOUER (FILM,ARTIST,ROLE) values ('11','390158','Massassi Outpost An(...)');
Insert into JOUER (FILM,ARTIST,ROLE) values ('11','7727','Cantina Alien (uncr(...)');
Insert into JOUER (FILM,ARTIST,ROLE) values ('11','184980','Del Goren (uncredited)');
Insert into JOUER (FILM,ARTIST,ROLE) values ('11','160947','Stormtrooper (voice(...)');
Insert into JOUER (FILM,ARTIST,ROLE) values ('11','161301','Stormtrooper (voice(...)');
Insert into JOUER (FILM,ARTIST,ROLE) values ('11','1271127','Jawa (uncredited)');
Insert into JOUER (FILM,ARTIST,ROLE) values ('11','159108','Greedo (voice) (unc(...)');
Insert into JOUER (FILM,ARTIST,ROLE) values ('11','1271128','Thuku (uncredited)');
Insert into JOUER (FILM,ARTIST,ROLE) values ('11','1271129','Ketwol / Melas (unc(...)');
Insert into JOUER (FILM,ARTIST,ROLE) values ('11','24278','Stormtrooper (uncre(...)');
Insert into JOUER (FILM,ARTIST,ROLE) values ('11','60207','Mos Eisley Citizen (...)');
Insert into JOUER (FILM,ARTIST,ROLE) values ('11','1271131','Cantina Patron (unc(...)');
Insert into JOUER (FILM,ARTIST,ROLE) values ('1891','2','Luke Skywalker');
Insert into JOUER (FILM,ARTIST,ROLE) values ('1891','3','Han Solo');
Insert into JOUER (FILM,ARTIST,ROLE) values ('1891','4','Princess Leia');
Insert into JOUER (FILM,ARTIST,ROLE) values ('1891','24342','Darth Vader');
Insert into JOUER (FILM,ARTIST,ROLE) values ('1891','3799','Lando Calrissian');
Insert into JOUER (FILM,ARTIST,ROLE) values ('1891','6','C-3PO');
Insert into JOUER (FILM,ARTIST,ROLE) values ('1891','24343','Chewbacca');
Insert into JOUER (FILM,ARTIST,ROLE) values ('1891','15152','Darth Vader (Voice)');
Insert into JOUER (FILM,ARTIST,ROLE) values ('1891','130','R2-D2');
Insert into JOUER (FILM,ARTIST,ROLE) values ('1891','7908','Yoda (Voice)');
Insert into JOUER (FILM,ARTIST,ROLE) values ('1891','12248','Ben ''Obi-wan'' Kenobi');
Insert into JOUER (FILM,ARTIST,ROLE) values ('1891','33185','Boba Fett');
Insert into JOUER (FILM,ARTIST,ROLE) values ('1891','27165','Lando''s aide');
Insert into JOUER (FILM,ARTIST,ROLE) values ('1891','132538','Chief Ugnaught');
Insert into JOUER (FILM,ARTIST,ROLE) values ('1891','132539','Snow Creature');
Insert into JOUER (FILM,ARTIST,ROLE) values ('1891','20128','Emperor (voice)');
Insert into JOUER (FILM,ARTIST,ROLE) values ('1891','740','Imperial Force Gene(...)');
Insert into JOUER (FILM,ARTIST,ROLE) values ('1891','10734','Imperial Force Admi(...)');
Insert into JOUER (FILM,ARTIST,ROLE) values ('1891','7907','Rebel Force Major Derlin');
Insert into JOUER (FILM,ARTIST,ROLE) values ('1892','2','Luke Skywalker');
Insert into JOUER (FILM,ARTIST,ROLE) values ('1892','3','Han Solo');
Insert into JOUER (FILM,ARTIST,ROLE) values ('1892','4','Princess Leia');
Insert into JOUER (FILM,ARTIST,ROLE) values ('1892','3799','Lando Calrissian');
Insert into JOUER (FILM,ARTIST,ROLE) values ('1892','6','C-3PO');
Insert into JOUER (FILM,ARTIST,ROLE) values ('1892','24343','Chewbacca');
Insert into JOUER (FILM,ARTIST,ROLE) values ('1892','15152','Voice of Darth Vade(...)');
Insert into JOUER (FILM,ARTIST,ROLE) values ('1892','7908','Yoda (voice)');
Insert into JOUER (FILM,ARTIST,ROLE) values ('1892','27762','The Emperor');
Insert into JOUER (FILM,ARTIST,ROLE) values ('1892','28235','Anakin Skywalker');
Insert into JOUER (FILM,ARTIST,ROLE) values ('1892','24342','Darth Vader');
Insert into JOUER (FILM,ARTIST,ROLE) values ('1892','12248','Ben ''Obi-Wan'' Kenobi');
Insert into JOUER (FILM,ARTIST,ROLE) values ('1892','130','R2-D2 / Paploo');
Insert into JOUER (FILM,ARTIST,ROLE) values ('1892','11184','Wicket');
Insert into JOUER (FILM,ARTIST,ROLE) values ('1892','37442','Mon Mothma');
Insert into JOUER (FILM,ARTIST,ROLE) values ('1893','524','Queen Amidala');
Insert into JOUER (FILM,ARTIST,ROLE) values ('1893','3061','Obi Wan Kenobi');
Insert into JOUER (FILM,ARTIST,ROLE) values ('1893','3896','Qui-Gon Jinn');
Insert into JOUER (FILM,ARTIST,ROLE) values ('1893','27762','Senator Palpatine');
Insert into JOUER (FILM,ARTIST,ROLE) values ('1893','6','C-3PO');
Insert into JOUER (FILM,ARTIST,ROLE) values ('1893','130','R2-D2');
Insert into JOUER (FILM,ARTIST,ROLE) values ('1893','33196','Anakin Skywalker');
Insert into JOUER (FILM,ARTIST,ROLE) values ('1893','33190','Shmi Skywalker');
Insert into JOUER (FILM,ARTIST,ROLE) values ('1893','7908','Yoda (voice)');
Insert into JOUER (FILM,ARTIST,ROLE) values ('1893','31923','Governor Bibble');
Insert into JOUER (FILM,ARTIST,ROLE) values ('1893','11007','Darth Maul');
Insert into JOUER (FILM,ARTIST,ROLE) values ('1893','31925','Capt. Panaka');
Insert into JOUER (FILM,ARTIST,ROLE) values ('1893','33197','Jar Jar Binks (Voice)');
Insert into JOUER (FILM,ARTIST,ROLE) values ('1893','33198','Watto');
Insert into JOUER (FILM,ARTIST,ROLE) values ('1893','25441','Capt. Tarpals');
Insert into JOUER (FILM,ARTIST,ROLE) values ('1893','2231','Mace Windu');
Insert into JOUER (FILM,ARTIST,ROLE) values ('1893','116','Sabé');
Insert into JOUER (FILM,ARTIST,ROLE) values ('1893','1769','Saché');
Insert into JOUER (FILM,ARTIST,ROLE) values ('1893','11184','Wald');
Insert into JOUER (FILM,ARTIST,ROLE) values ('1894','3061','Obi Wan Kenobi');
Insert into JOUER (FILM,ARTIST,ROLE) values ('1894','524','Padmé Amidala');
Insert into JOUER (FILM,ARTIST,ROLE) values ('1894','17244','Anakin Skywalker');
Insert into JOUER (FILM,ARTIST,ROLE) values ('1894','113','Count Dooku');
Insert into JOUER (FILM,ARTIST,ROLE) values ('1894','27762','Chancellor Palpatine');
Insert into JOUER (FILM,ARTIST,ROLE) values ('1894','2231','Mace Windu');
Insert into JOUER (FILM,ARTIST,ROLE) values ('1894','9827','Dormé');
Insert into JOUER (FILM,ARTIST,ROLE) values ('1894','7908','Yoda (Voice)');
Insert into JOUER (FILM,ARTIST,ROLE) values ('1894','6','C-3PO');
Insert into JOUER (FILM,ARTIST,ROLE) values ('1894','130','R2-D2');
Insert into JOUER (FILM,ARTIST,ROLE) values ('1894','9374','Elan Sleazebaggano');
Insert into JOUER (FILM,ARTIST,ROLE) values ('1894','33186','Gilramos Libkath');
Insert into JOUER (FILM,ARTIST,ROLE) values ('1894','33187','Cordé');
Insert into JOUER (FILM,ARTIST,ROLE) values ('1894','20806','Ki-Adi-Mundi / Vice(...)');
Insert into JOUER (FILM,ARTIST,ROLE) values ('1894','31923','Govenor Sio Bibble');
Insert into JOUER (FILM,ARTIST,ROLE) values ('1894','33188','Dexter Jettster');
Insert into JOUER (FILM,ARTIST,ROLE) values ('1894','33182','Capt. Typho');
Insert into JOUER (FILM,ARTIST,ROLE) values ('1894','33181','Senator Bail Organa');
Insert into JOUER (FILM,ARTIST,ROLE) values ('1894','33189','Boba Fett');
Insert into JOUER (FILM,ARTIST,ROLE) values ('1894','7242','Jango Fett');
Insert into JOUER (FILM,ARTIST,ROLE) values ('1894','33190','Shmi Skywalker');
Insert into JOUER (FILM,ARTIST,ROLE) values ('1894','33191','Queen Jamillia');
Insert into JOUER (FILM,ARTIST,ROLE) values ('1894','33192','Owen Lars');
Insert into JOUER (FILM,ARTIST,ROLE) values ('1894','12536','Cliegg Lars');
Insert into JOUER (FILM,ARTIST,ROLE) values ('1894','131634','Beru');
Insert into JOUER (FILM,ARTIST,ROLE) values ('1894','33198','Watto (voice)');
Insert into JOUER (FILM,ARTIST,ROLE) values ('1895','17244','Anakin Skywalker');
Insert into JOUER (FILM,ARTIST,ROLE) values ('1895','3061','Obi-Wan Kenobi');
Insert into JOUER (FILM,ARTIST,ROLE) values ('1895','524','Padmé Amidala');
Insert into JOUER (FILM,ARTIST,ROLE) values ('1895','27762','Chancellor Palpatine');
Insert into JOUER (FILM,ARTIST,ROLE) values ('1895','7908','Yoda (Voice)');
Insert into JOUER (FILM,ARTIST,ROLE) values ('1895','6','C-3PO');
Insert into JOUER (FILM,ARTIST,ROLE) values ('1895','113','Count Dooku');
Insert into JOUER (FILM,ARTIST,ROLE) values ('1895','2231','Mace Windu');
Insert into JOUER (FILM,ARTIST,ROLE) values ('1895','33181','Senator Bail Organa');
Insert into JOUER (FILM,ARTIST,ROLE) values ('1895','33182','Captain Typho');
Insert into JOUER (FILM,ARTIST,ROLE) values ('1895','7242','Commander Cody');
Insert into JOUER (FILM,ARTIST,ROLE) values ('1895','33184','Captain Antilles');
Insert into JOUER (FILM,ARTIST,ROLE) values ('1895','33185','Captain Colton');
Insert into JOUER (FILM,ARTIST,ROLE) values ('1895','130','R2-D2');
Insert into JOUER (FILM,ARTIST,ROLE) values ('1895','20806','Ki-Adi-Mundi / Nute(...)');
Insert into JOUER (FILM,ARTIST,ROLE) values ('1895','1167087','Mas Amedda');
Insert into FILMS_COPIES (ID,MOVIE) values ('861','1892');
Insert into FILMS_COPIES (ID,MOVIE) values ('862','1892');
Insert into FILMS_COPIES (ID,MOVIE) values ('855','1892');
Insert into FILMS_COPIES (ID,MOVIE) values ('871','1893');
Insert into FILMS_COPIES (ID,MOVIE) values ('872','1893');
commit;